PERIOD_START,PATENT_COUNT,AVG_INVENTORS
1960,433,1.531178
1965,543,1.559853
1970,523,1.650096
1975,467,1.745182
1980,458,1.794760
1985,310,1.967742
1990,882,2.226757
1995,847,2.527745
2000,1020,2.612745
2005,1172,2.890785
2010,1195,2.967364
2015,1427,3.166783
2020,296,3.077703
